contrato;obra;latitude;longitude
DM-002/2021;Obra 1;;
DC-001/2023;Obra 1;-19,9849058;-43,8469634
DC-001/2023;Obra 1;-19,8948501;-43,814814
PRC-22.037/2017-C;Obra 1;-16,7203311;-43,8541147
DM 014/2021;Obra 1;-21,33549;-43,38584400000001
DC-014/2022;Obra 1;-16,1700583;-43,8662018
PRC-22.029/2017-E;Obra 1;-18,5967086;-46,5181047
DM-22.006/2019-C;Obra 1;-18,9226438;-48,2957901
DOV-004/2022;Obra 1;-20,4540075;-45,4445285
DP-002/2022;Obra 1;-19,5841846;-42,6942253
DP-002/2022;Obra 1;-19,5771412;-42,6430168
DP-002/2022;Obra 1;-19,5517271;-42,6329674
DP-002/2022;Obra 1;-19,5405505;-42,6471993
DP-002/2022;Obra 1;-19,5379482;-42,6471253
DP-002/2022;Obra 1;-19,5494475;-42,6381164
PRC-22.004/2018-C;Obra 1;-18,2398134;-43,6049294
DM-023/2022;Obra 1;;
DP-003/2022;Obra 1;-19,303426;-44,1992035
DC-022/2022;Obra 1;-19,4494354;-44,74817729999999
DC-022/2022;Obra 1;-19,4494238;-44,7481687
DC-022/2022;Obra 1;-19,21748163841044;-45,00222987944036
DM-013/2021;Obra 1;;
DP-003/2021;Obra 1;;
PRC-22.026/2017-E;Obra 1;-20,6829764;-44,8232506
DM-22.003/2020-C;Obra 1;-21,7407769;-43,362801
DM-012/2021;Obra 1;;
DM-014/2022;Obra 1;;
DM-22.007/2020-C;Obra 1;-16,1638869;-42,2827817
DC-021/2021;Obra 1;-16,0564455;-45,1461072
DC-021/2021;Obra 1;-15,9516628;-44,8591023
DC-021/2021;Obra 2;;
DM-22.011/2020-B;Obra 1;-20,4539389;-45,4445009
ATA RP-LOTE 2;Obra 1;-15,8009305;-43,30941869999999
PRC-22.031/2017-E;Obra 1;-19,7469167;-47,9483714
PRC-22.013/2014;Obra 1;;
DM-025/2022;Obra 1;-19,78168234009921;-44,0742997121643
DM-025/2022;Obra 1;-19,800634623276483;-44,02311608650818
DM-002/2023;Obra 1;-17,75924740092428;-40,85833668421702
DM-002/2023;Obra 1;-17,91831223358018;-40,36541327792403
DM-002/2023;Obra 1;-17,8510992;-40,17511349999999
DM-002/2023;Obra 1;-17,8409303;-40,3458437
DOV-001/2021;Obra 1;-19,928208;-43,983328
DC-012/2021;Obra 1;;
PRC-22.004/2018-B;Obra 1;-18,2398134;-43,6049294
DC-22.020/2020;Obra 1;;
PRC-22.022/2017-C;Obra 1;-16,00026;-41,279238
PRC-29.007/2017-B;Obra 1;;
PRC-22.026/2017-C;Obra 1;-20,6829764;-44,8232506
PRC-22.013/2018-D;Obra 1;-21,5799309;-45,4427049
DM-22.010/2019-C;Obra 1;-19,928208;-43,983328
DC-015/2021;Obra 1;-17,4015985700135;-45,8426072112036
PRC-22.090/2013-DO 2;Obra 1;;
PRC-22.037/2017-B;Obra 1;-16,7203311;-43,8541147
PRC-22.042/2017-B;Obra 1;-19,596021;-46,929564
DM-033/2021;Obra 1;;
DM-026/2022;Obra 1;-19,40664705041987;-44,20901965101753
DM-026/2022;Obra 1;-19,368269225415013;-44,20000110382413
DM-039/2022;Obra 1;-19,99554464290389;-43,83873836336241
DM-039/2022;Obra 1;-19,967569254356068;-43,80754225333793
PRC-22.016/2018-C;Obra 1;-22,4315443;-45,4632342
PRC-22.039/2017-C;Obra 1;-21,1994491;-43,7852868
PRC-22.039/2017-D;Obra 1;-21,1994491;-43,7852868
DC-002/2023;Obra 1;-20,96724795687238;-43,023369830468745
DM-22.005/2020-A;Obra 1;-18,9695443;-49,475721
PRC-22.027/2017-C;Obra 1;-18,784181;-42,945301
DC-012/2022;Obra 1;-16,1700583;-43,8662018
DM-029/2022;Obra 1;;
PRC-22.018/2017-E;Obra 1;-17,701729;-42,515515
DC-006/2023;Obra 1;-19,0458346;-50,49490619999999
DC-006/2023;Obra 1;-19,5527422;-50,5780228
DC-006/2023;Obra 2;-19,0416335;-50,4930442
DC-006/2023;Obra 2;-19,5527422;-50,5780228
DC-028/2022;Obra 1;-19,979650382517654;-45,48904939289246
DM - 024/2021;Obra 1;;
PRC-22.040/2017-D;Obra 1;-18,95121;-41,9528346
DM-033/2022;Obra 1;-20,44102479519959;-43,91679074903478
DM-033/2022;Obra 1;-20,43792207513789;-43,91457658549299
PRC-22.024/2013;Obra 1;-19,8843572;-43,6610551
PRC-22.024/2013;Obra 1;-19,924817028536008;-43,49293146432131
PRC-22.024/2013;Obra 2;-19,8843572;-43,6610551
PRC-22.024/2013;Obra 2;-19,9409462;-43,4812978
PRC-22.027/2017-D;Obra 1;-18,784181;-42,945301
PRC-22.038/2012;Obra 2;-19,87239225224629;-42,63910534231679
PRC-22.038/2012;Obra 5;-20,01346725001211;-42,74881540001159
PRC-22.038/2012;Obra 4;-19,93286852113014;-42,65794254799803
PRC-22.038/2012;Obra 3;-19,74327766743547;-42,64182181801487
PRC-22.038/2012;Obra 1;-20,013309032604333;-42,74880509631845
PRC-22.038/2012;Obra 1;-19,834950237235187;-42,64787470144734
PRC-22.038/2012;Obra 1;-19,72463531342416;-42,64330423096017
PRC-22.038/2012;Obra 1;-19,636513818874047;-42,61989460401891
PRC-22.041/2017-B;Obra 1;-19,8618029;-44,5829004
DM-22.003/2020;Obra 1;-21,7407769;-43,362801
PRC-22.027/2017-E;Obra 1;-18,784181;-42,945301
ATA RP-LOTE 4;Obra 1;-21,3890789;-42,6932654
DC-014/2021;Obra 1;;
PRC-22.033/2017-D;Obra 1;-15,832083071686;-43,29558489562
DC-015/2022;Obra 1;;
PRC-22.034/2017-C;Obra 1;-19,1539469;-45,4370262
DM-013/2022;Obra 1;;
DC-005/2023;Obra 1;-19,869144957056825;-43,74219033387663
DC-005/2023;Obra 2;-19,877421435696608;-43,76204680075485
DM-22.009/2020-C;Obra 1;-20,405398;-42,886629
PRC-24.017/2018;Obra 1;;
DM-008/2021;Obra 1;;
DM-037/2022;Obra 1;-19,8023846;-42,1371032
DM-037/2022;Obra 1;-19,5574084;-42,1202711
DM-037/2022;Obra 1;-19,847936;-42,318335
DM-037/2022;Obra 1;-19,4993956;-41,98314300000001
ATA RP-LOTE 1;Obra 1;-21,6977656;-45,2627361
ATA RP-LOTE 1;Obra 1;-19,5851791;-46,9447957
PRC-22.004/2018-D;Obra 1;-18,2398134;-43,6049294
DOV-005/2022;Obra 1;-18,8845357;-41,947721
DC-005/2022;Obra 1;;
DC-005/2022;Obra 2;;
DM-019/2022;Obra 1;;
PRC-24.001/2019-ANO 4;Obra 1;-19,9129921;-43,94088469999999
PRC-22.039/2017-E;Obra 1;-21,1994491;-43,7852868
PRC-22.017/2017-C;Obra 1;-16,8555088;-42,0630933
DM-22.005/2020-B;Obra 1;-18,9695443;-49,475721
DM-002/2022;Obra 1;-19,811333378604456;-44,04160730133057
DC-011/2022;Obra 1;;
PRC-24.010/2018-D;Obra 1;-20,4539389;-45,4445009
PRC-22.032/2017-E;Obra 1;-19,638615;-43,228648
DM-22.012/2020-A;Obra 1;-20,735033;-46,6045231
DC-009/2022;Obra 1;;
DC-021/2022;Obra 1;-19,8948501;-43,814814
DC-021/2022;Obra 1;-19,9849058;-43,8469634
DC-021/2022;Obra 1;-19,9307956287238;-43,84924278797184
PRC-22.028/2017-E;Obra 1;-15,9105038;-46,1059978
PRC-22.011/2018;Obra 1;-21,64610930002144;-43,43369695001741
PRC-22.029/2017-B;Obra 1;-18,5967086;-46,5181047
PRC-22.035/2017-B;Obra 1;-16,4381188;-41,0095225
DM-22.012/2020;Obra 1;-20,735033;-46,6045231
PRC-22.020/2017-C;Obra 1;-15,4973126;-44,3722642
DC-22.024/2020;Obra 1;-20,0780728;-44,5635468
PRC-22.019/2017-E;Obra 1;-17,335013;-44,943418
DC-027/2022;Obra 1;-19,449435399999995;-44,77564312031249
DC-027/2022;Obra 1;-19,24413738131933;-44,98763809882813
DM-030/2021;Obra 1;-19,811443;-44,042231
DM-030/2021;Obra 1;-19,811403;-44,043177
PRC-22.042/2017-D;Obra 1;-19,596021;-46,929564
DM-22.004/2020-B;Obra 1;-18,7320337;-47,5006564
PRC-22.023/2018-D;Obra 1;-19,928208;-43,983328
DOV-003/2022;Obra 1;-18,5967086;-46,51810469999999
DC-026/2022;Obra 1;-16,8921514;-40,9254441
DC-026/2022;Obra 1;-16,700397300289573;-40,953443822278174
PRC-22.024/2018-D;Obra 1;-21,1079839;-42,949159
PRC-22.019/2017-C;Obra 1;-17,335013;-44,943418
DP-24.007/2020;Obra 1;-16,2237734;-45,9999091
DO-001/2021;Obra 2;;
PRC-22.017/2017-E;Obra 1;-16,8555088;-42,0630933
PRC-22.030/2017-E;Obra 1;-16,217251;-44,433348
DP-004/2023;Obra 1;-19,919052;-43,9386685
DP-004/2023;Obra 1;-19,9221839;-43,9307411
DM-008/2022;Obra 1;;
DM-22.006/2019-B;Obra 1;-18,9226438;-48,2957901
DM-011/2022;Obra 1;-20,04075666379597;-43,82303521235937
DM-011/2022;Obra 2;-19,996788976361863;-43,910675063643055
DM-030/2022;Obra 1;;
DM-034/2022;Obra 1;;
DC-008/2023;Obra 3;;
DC-008/2023;Obra 2;;
DC-008/2023;Obra 1;;
DM-22.005/2019;Obra 2;;
DM-22.005/2019;Obra 1;;
PRC-22.030/2017-B;Obra 1;-16,217251;-44,433348
DM-005/2022;Obra 1;;
PRC-22.040/2017-E;Obra 1;-18,95121;-41,9528346
DC-22.018/2020;Obra 1;;
DC-22.018/2020;Obra 2;-18,9298507;-48,2931008
DC-011/2021;Obra 3;;
DC-011/2021;Obra 4;;
DC-011/2021;Obra 1;;
DC-011/2021;Obra 2;;
PRC-22.016/2018-D;Obra 1;-22,4315443;-45,4632342
DC-020/2022;Obra 1;-16,0564455;-45,1461072
PRC-22.023/2018-B;Obra 1;-19,928208;-43,983328
PRC-29.008/2017-A;Obra 1;-16,7203311;-43,8541147
DOV-004/2021;Obra 1;;
DC-001/2022;Obra 2;-15,4887575;-44,3620074
DC-001/2022;Obra 2;-15,5529034;-44,5846735
DC-001/2022;Obra 1;-15,5002829;-44,7619267
DC-001/2022;Obra 1;-15,5529034;-44,5846735
PRC-22.022/2017-E;Obra 1;-16,00026;-41,279238
DM-22.009/2020;Obra 1;-20,405398;-42,886629
DC-017/2022;Obra 1;-19,925384;-42,707566
PRC-22.039/2017-B;Obra 1;-21,1994491;-43,7852868
DC-22.019/2020;Obra 1;-21,6005189489128;-43,763214177607
DC-22.019/2020;Obra 1;-21,49863612684167;-43,81126005170853
DM-22.014/2020;Obra 1;;
PRC-22.031/2017-C;Obra 1;-19,7469167;-47,9483714
DM-22.006/2020-A;Obra 1;-20,350449;-41,9526169
DM-22.009/2020-A;Obra 1;-20,405398;-42,886629
DM-003/2021;Obra 1;;
DM-006/2021;Obra 1;;
PRC-22.017/2017-D;Obra 1;-16,8555088;-42,0630933
DOV-002/2022;Obra 1;-21,57993089999999;-45,4427049
DF-012/2021-A;Obra 1;-19,9221839;-43,93074110000001
PRC-22.037/2017-E;Obra 1;-16,7203311;-43,8541147
DM-022/2022;Obra 1;;
PRC-22.025/2017-E;Obra 2;-17,8518635;-41,5076927
DM-22.004/2020-A;Obra 1;-18,7320337;-47,5006564
DC-018/2022;Obra 1;-19,71189189999999;-42,7360955
PRC-22.020/2017-E;Obra 1;-15,4973126;-44,3722642
DC-013/2022;Obra 1;-18,6036292;-43,3789211
DC-013/2022;Obra 1;-18,60852090030961;-43,38857297671336
PRC-22.024/2018-A;Obra 1;-21,1079839;-42,949159
DM-22.005/2020;Obra 1;-18,9695443;-49,475721
PRC-22.024/2018-B;Obra 1;-21,1079839;-42,949159
DM-016/2022;Obra 1;;
DM-22.004/2020-C;Obra 1;-18,7320337;-47,5006564
ATA RP-LOTE 3;Obra 1;-16,433269;-41,00372770000001
ATA RP-LOTE 5;Obra 1;-19,7903044;-45,6820338
PRC-22.023/2018-C;Obra 1;-19,928208;-43,983328
PRC-22.043/2017-D;Obra 1;-17,7408508;-46,1845402
PRC-24.005/2018;Obra 1;-15,9516628;-44,8591023
DM-010/2022;Obra 1;;
DC-006/2022;Obra 2;-16,98468635396247;-46,27828263000265
DC-006/2022;Obra 2;-17,03493425248436;-46,58862620066648
DC-006/2022;Obra 3;-17,0644832;-46,0332181
DC-006/2022;Obra 3;-16,98468635396247;-46,27828263000265
DC-006/2022;Obra 1;-17,01628113570501;-46,20256563499473
DC-006/2022;Obra 1;-17,01953867723072;-46,19723064803961
DM-041/2022;Obra 1;-19,65992539164176;-51,01927355768109
DM-22.008/2020-A;Obra 1;-17,2163174;-46,8691582
PRC-22.041/2017-D;Obra 1;-19,8618029;-44,5829004
DM-040/2022;Obra 1;-20,1603434;-42,95667959999999
DM-040/2022;Obra 1;-20,381521;-42,90241799999999
DM-040/2022;Obra 1;-20,103807;-42,843781
DM-040/2022;Obra 1;-20,16800883049446;-42,92417834544517
DC-003/2023;Obra 1;-19,6621423;-44,2306611
DC-003/2023;Obra 1;-19,707087;-44,557973
DM-032/2022;Obra 1;;
PRC-22.018/2017-D;Obra 1;-17,701729;-42,515515
DC-019/2021;Obra 1;-21,5413627;-43,203354
DC-019/2021;Obra 1;-21,6551108;-43,4341358
PRC-22.031/2017-D;Obra 1;-19,7469167;-47,9483714
DP-006/2023;Obra 1;-19,8285805;-44,1506651
PRC-22.043/2017-E;Obra 1;-17,7408508;-46,1845402
PRC-22.038/2017-E;Obra 1;-18,7593183;-44,4319352
PRC-22.023/2018-E;Obra 1;-19,928208;-43,983328
PRC-22.017/2018-E;Obra 1;-21,7876304;-46,5421144
DM-22.010/2020-C;Obra 1;;
DP-005/2023;Obra 1;-16,383047252618034;-45,07263857852988
DP-005/2023;Obra 1;-16,37403835020785;-45,06046264947597
DP-005/2023;Obra 1;-16,38176533228131;-45,08035449211205
PRC-24.010/2018-E;Obra 1;-20,4539389;-45,4445009
DM-006/2023;Obra 1;;
PRC-22.016/2018-E;Obra 1;-22,4315443;-45,4632342
DP-007/2023;Obra 1;-18,9127749;-48,2755227
DP-013/2023;Obra 1;-18,5967086;-46,51810469999999
DP-018/2023;Obra 1;-21,57993089999999;-45,4427049
DP-017/2023;Obra 1;-19,9276133;-43,98331659999999
DP-016/2023;Obra 1;-21,7407769;-43,362801
DM-008/2023;Obra 1;-19,8611109;-43,90497490000001
ASG-002/2021;Obra 1;-19,9223139;-43,9306754
PRC-22.043/2017-B;Obra 1;-17,7408508;-46,1845402
DC-007/2021;Obra 1;-19,6688772;-42,5313457
PRC-22.038/2017-C;Obra 1;-18,7593183;-44,4319352
PRC-22.015/2017-D;Obra 1;-19,5068923;-42,6044222
PRC-22.020/2017-D;Obra 1;-15,4973126;-44,3722642
DC-020/2021;Obra 1;;
PRC-22.025/2017-D;Obra 2;-17,8518635;-41,5076927
DC-22.013/2020;Obra 1;-16,7689281;-43,8420865
DC-008/2022;Obra 1;-15,5529034;-44,5846735
DC-008/2022;Obra 1;-15,5396488;-44,7229233
DM-22.011/2020-C;Obra 1;-20,4539389;-45,4445009
PRC-22.025/2017-C;Obra 2;-17,8518635;-41,5076927
DC-002/2022;Obra 1;-21,418824798484536;-42,72025222390585
DC-002/2022;Obra 1;-21,420951252393166;-42,67141291140904
DM-22.008/2020-B;Obra 1;-17,2163174;-46,8691582
DM-22.007/2020-B;Obra 1;-16,1638869;-42,2827817
DOV-001/2022;Obra 1;-19,9221839;-43,93074110000001
DOV-001/2022;Obra 2;-19,9221839;-43,93074110000001
DC-023/2022;Obra 1;-19,5851791;-46,9447957
DC-024/2022;Obra 1;-20,9655864;-43,0233967
DC-024/2022;Obra 1;-20,874718;-42,981797
PRC-22.035/2017-E;Obra 1;-16,4381188;-41,0095225
DI-22.001/2020;Obra 4;-20,13155608035116;-44,20953306615256
DI-22.001/2020;Obra 1;-20,1241164;-44,2195995
DI-22.001/2020;Obra 2;-20,13835899999999;-44,21484049999999
DI-22.001/2020;Obra 3;-20,1378041;-44,2154482
DC-008/2021;Obra 1;;
DM-005/2021;Obra 1;;
DM-22.010/2019-B;Obra 1;-19,928208;-43,983328
DM-001/2022;Obra 1;;
DM-22.009/2020-B;Obra 1;-20,405398;-42,886629
ASG-001/2021;Obra 1;-19,9223139;-43,9306754
DM-035/2021;Obra 1;;
DM-031/2022;Obra 1;;
DM-017/2021;Obra 1;-21,346132;-43,511186
DM-031/2021;Obra 1;;
PRC-22.029/2017-C;Obra 1;-18,5967086;-46,5181047
DM-007/2021;Obra 1;;
DM-011/2021;Obra 1;;
DM-028/2022;Obra 1;;
DC-016/2022;Obra 1;-18,353964135867955;-48,22976829669632
DC-016/2022;Obra 1;-18,532925;-48,1959007
DP-004/2022;Obra 1;-19,441643;-44,4738331
DP-004/2022;Obra 1;-19,4558178;-44,3940728
DP-004/2022;Obra 1;-19,4903365;-44,3938468
DP-004/2022;Obra 1;-19,455176;-44,393784
DP-004/2022;Obra 1;-19,455341;-44,394569
DP-004/2022;Obra 1;-19,4494503;-44,7384839
DP-004/2022;Obra 1;-19,4492371;-44,7492415
DP-004/2022;Obra 1;-22,9071381;-43,5967676
DP-004/2022;Obra 1;-19,4556607;-44,394163
DP-004/2022;Obra 1;-19,455146;-44,393704
DP-004/2022;Obra 1;-19,454612;-44,39371999999999
DP-004/2022;Obra 1;-19,4218367;-44,48273
DP-004/2022;Obra 1;-19,2901547;-44,6601448
DP-004/2022;Obra 1;-19,4891796;-44,3779449
DP-004/2022;Obra 1;-19,4467053;-44,74757289999999
DP-004/2022;Obra 1;-19,4312741;-44,4334953
DP-004/2022;Obra 1;-19,4416431;-44,4738331
DM-22.011/2020;Obra 1;-20,4539389;-45,4445009
PRC-22.032/2017-B;Obra 1;-19,638615;-43,228648
PRC-22.035/2017-D;Obra 1;-16,4381188;-41,0095225
DM-027/2022;Obra 1;;
DM-22.010/2020-B;Obra 1;;
PRC-22.013/2018-E;Obra 1;-21,5799309;-45,4427049
PRC-22.026/2017-B;Obra 1;-20,6829764;-44,8232506
DM-22.006/2020;Obra 1;-20,350449;-41,9526169
PRC-29.012/2016-D;Obra 1;;
DM-22.003/2020-A;Obra 1;-21,7407769;-43,362801
PRC-22.013/2018-C;Obra 1;-21,5799309;-45,4427049
DM-009/2021;Obra 1;;
DP-002/2021;Obra 1;;
DM-010/2021;Obra 1;-19,967554;-46,014844
PRC-22.004/2018-E;Obra 1;-18,2398134;-43,6049294
DM-005/2023;Obra 1;;
DM-003/2023;Obra 1;;
DM-004/2023;Obra 1;;
DP-026/2023;Obra 4;-19,1735404;-41,47232150000001
DP-026/2023;Obra 4;-19,4166094;-41,72778049999999
DP-026/2023;Obra 2;-18,7609865;-41,30677730000001
DP-026/2023;Obra 2;-18,6576406;-41,40222989999999
DP-026/2023;Obra 3;-19,2839466;-42,0101378
DP-026/2023;Obra 3;-19,1714938;-41,8639371
DP-026/2023;Obra 5;-18,590851;-41,4884226
DP-026/2023;Obra 5;-18,4802628;-41,3885523
DP-026/2023;Obra 1;-18,50526244122152;-42,085403949586784
DPEI - 028/2023;Obra 1;;
PRC-24.001/2019-ANO 5;Obra 1;;
PRC-22.027/2017-B;Obra 1;-18,784181;-42,945301
DM-22.010/2019-A;Obra 1;-19,928208;-43,983328
DC-006/2021;Obra 1;;
DC-018/2021;Obra 3;-19,41065215773487;-50,67544738968311
DC-018/2021;Obra 1;;
DC-018/2021;Obra 2;;
PRC-22.024/2018-C;Obra 1;-21,1079839;-42,949159
DM-029/2021;Obra 1;-19,962872;-43,941533
DM-029/2021;Obra 1;-19,969488409973103;-43,94462298413086
PRC-22.032/2017-D;Obra 1;-19,638615;-43,228648
DM-004/2022;Obra 1;;
DP-010/2023;Obra 1;-21,11997449999999;-42,9426496
DC-012/2023;Obra 1;-17,3688028;-40,9865389
DP-014/2023;Obra 1;-16,7291552;-43,8670745
DC-016/2023;Obra 1;-18,898240795754308;-49,27447158705751
DC-015/2023;Obra 1;-18,9127749;-48,2755227
DC-015/2023;Obra 1;-18,97116695552686;-48,29439137136391
DM-22.010/2019-D;Obra 1;-19,928208;-43,983328
DC-001/2024;Obra 1;;
DM-003/2024;Obra 1;;
DC-020/2023;Obra 1;-16,69825430342247;-40,954373835449225
DC-22.016/2020;Obra 2;;
DC-22.016/2020;Obra 1;;
DM-22.006/2019-A;Obra 1;-18,9226438;-48,2957901
PRC-22.032/2017-C;Obra 1;-19,638615;-43,228648
PRC-22.030/2017-C;Obra 1;-16,217251;-44,433348
PRC-22.028/2017-C;Obra 1;-15,9105038;-46,1059978
PRC-22.035/2017-C;Obra 1;-16,4381188;-41,0095225
DM-22.011/2020-A;Obra 1;-20,4539389;-45,4445009
DM-027/2021;Obra 1;-19,869599;-43,840211
PRC-22.004/2017;Obra 2;;
PRC-22.004/2017;Obra 3;;
PRC-22.004/2017;Obra 8;-18,77246334292113;-43,41659404686549
PRC-22.004/2017;Obra 9;-18,6442419;-43,407378
PRC-22.004/2017;Obra 4;-18,88887952633539;-43,39886883436291
PRC-22.004/2017;Obra 7;-18,81195530443281;-43,40601747189601
PRC-22.004/2017;Obra 6;-18,82528653716461;-43,40917590571313
PRC-22.004/2017;Obra 5;-18,85819338326208;-43,397897210554
DM-22.004/2020;Obra 1;-18,7320337;-47,5006564
DC-22.015/2020;Obra 2;;
DC-22.015/2020;Obra 1;-19,4749275;-42,4875347
DC-003/2021;Obra 1;;
DC-007/2023;Obra 1;-18,53357023062031;-45,22939254161328
DC-007/2023;Obra 1;-18,5985944;-45,3534446
DC-007/2023;Obra 2;;
DC-010/2023;Obra 1;-18,82750821640432;-43,68111262065429
DC-010/2023;Obra 1;-18,99808443646908;-43,46594993046876
DC-009/2023;Obra 1;;
DP-011/2023;Obra 1;-19,919052;-43,9386685
DP-009/2023;Obra 1;-17,8832438;-41,4973787
DP-009/2023;Obra 1;-18,2009679;-43,5752756
DP-021/2023;Obra 1;;
DP-021/2023;Obra 3;;
DP-021/2023;Obra 4;;
DP-021/2023;Obra 2;;
DM-012/2023;Obra 1;-19,64330080850729;-47,51066484988974
DM-012/2023;Obra 1;-19,8599194;-47,43201620000001
DP-020/2023;Obra 3;;
DP-020/2023;Obra 1;;
DP-020/2023;Obra 4;;
DP-020/2023;Obra 2;;
DO-001/2021- B;Obra 2;-19,928208;-43,983328
PRC-22.024/2018-E;Obra 1;-21,1079839;-42,949159
DM-019/2023;Obra 1;-18,8978127;-41,9473919
DM-013/2023;Obra 1;;
DPEI-031/2023;Obra 1;-19,7845829;-43,9495673
DP-025/2023;Obra 4;-18,047084055547007;-41,11209493268144
DP-025/2023;Obra 4;-18,164599151304337;-41,04281009471666
DP-025/2023;Obra 2;-18,04921773770409;-41,116123650033
DP-025/2023;Obra 2;-18,070539135570492;-41,2703666945066
DP-025/2023;Obra 3;-17,70397311474817;-40,76297039094467
DP-025/2023;Obra 3;-17,43483532945813;-40,997667034527886
DP-025/2023;Obra 1;-17,73159524180545;-40,78690542510084
DP-025/2023;Obra 1;-17,98110924258916;-40,76136008249123
DM-030/2023;Obra 1;-19,5068923;-42,6044222
DM-031/2023;Obra 1;-21,1079718;-42,9491291
DM-001/2024;Obra 1;;
DM-002/2024;Obra 1;;
DM-22.005/2020-D;Obra 1;-18,9695443;-49,475721
DM-004/2024;Obra 1;-19,80998732532913;-44,21337750859832
DM-22.003/2020-D;Obra 1;-21,7407769;-43,362801
DC-017/2021;Obra 1;-19,0357363;-43,4247512
DC-017/2021;Obra 1;-18,6036292;-43,3789211
PRC-22.034/2017-D;Obra 1;-19,1539469;-45,4370262
DM-036/2021;Obra 1;;
DM-003/2022;Obra 1;;
DC-003/2022;Obra 1;;
DC-22.017/2020;Obra 1;;
DM-017/2022;Obra 1;;
PRC-22.042/2017-C;Obra 1;-19,596021;-46,929564
DM-021/2022;Obra 1;-19,876897408279767;-43,8610853880541
PRC-22.034/2017-E;Obra 1;-19,1539469;-45,4370262
DM-22.012/2020-C;Obra 1;-20,735033;-46,6045231
PRC-22.033/2017-C;Obra 1;-15,832083071686;-43,29558489562
DOV-002/2021;Obra 1;-19,928208;-43,983328
DM-22.003/2020-B;Obra 1;-21,7407769;-43,362801
DP-001/2022;Obra 1;-19,6447323;-43,9044951
DM-038/2022;Obra 1;-17,8517815;-41,5076261
PRC-22.033/2017-E;Obra 1;-15,832083071686;-43,29558489562
PRC-22.003/2019;Obra 2;;
PRC-22.003/2019;Obra 1;;
DM-22.007/2020;Obra 1;-16,1638869;-42,2827817
PRC-22.016/2018-B;Obra 1;-22,4315443;-45,4632342
PRC-22.041/2017-C;Obra 1;-19,8618029;-44,5829004
DP-003/2023;Obra 1;-19,919052;-43,9386685
PRC-24.004/2019;Obra 1;;
PRC-22.017/2018-C;Obra 1;-21,7876304;-46,5421144
DC-025/2022;Obra 1;-16,130373963955886;-45,69912661381943
DC-025/2022;Obra 1;-16,09343215813266;-45,14431704350693
DM-001/2023;Obra 1;-20,7517399;-42,8781847
DM-001/2023;Obra 1;-20,676376;-43,092994
DM-035/2022;Obra 1;-20,3501041;-41,9537316
ATA RP-LOTE 6;Obra 1;-21,5560459;-45,4363875
DM-009/2023;Obra 1;-20,6862468;-43,31208230000001
DM-009/2023;Obra 1;-20,68363975364997;-43,31960662064633
DM-011/2023;Obra 1;-19,1577058;-45,45947899999999
DM-011/2023;Obra 1;-19,18217550000504;-45,51105924998826
DM-011/2023;Obra 1;-19,2280282;-44,9922871
DM-011/2023;Obra 1;-19,13717335008353;-44,61678729981564
DM-011/2023;Obra 1;-19,249164;-44,98715899999999
DM-010/2023;Obra 1;-19,96771371708767;-47,79164347893954
DM-010/2023;Obra 1;-19,860311;-47,432645
DM-010/2023;Obra 1;-19,931921;-47,548762
DM-010/2023;Obra 1;-19,92923765835451;-47,56409282165913
DC-013/2023;Obra 1;-17,67741281138104;-40,89013053254298
DC-013/2023;Obra 1;-17,682080342002248;-40,79078107695357
DM-016/2023;Obra 1;-18,6575487;-41,4022864
DM-016/2023;Obra 1;-18,57740002411995;-41,23943283192445
DP-024/2023;Obra 3;-16,38496639125432;-40,5448922972409
DP-024/2023;Obra 3;-16,609581318364384;-40,570654278254686
DP-024/2023;Obra 1;-16,88553303941864;-42,07096703246253
DP-024/2023;Obra 1;-17,46753231124639;-41,87621484194781
DP-024/2023;Obra 2;-17,503881347221963;-41,88185760002165
DP-024/2023;Obra 2;-17,626148348754317;-41,73707843379648
DM-007/2023;Obra 1;-19,8966539;-48,7133856
DM-007/2023;Obra 1;-19,90662800003527;-48,75250595005432
DM-007/2023;Obra 1;-19,7593005;-48,57099590000001
DM-007/2023;Obra 1;-19,89645450165636;-48,71012594934227
DP-022/2023;Obra 3;-19,809447554201668;-43,77442128168843
DP-022/2023;Obra 3;-19,87431002348811;-43,786973255529546
DP-022/2023;Obra 2;-20,093966764668878;-43,3942177512522
DP-022/2023;Obra 2;-20,16050884522438;-43,29459185574429
DP-022/2023;Obra 2;-20,11574933268376;-43,06668376413074
DP-022/2023;Obra 4;-20,34618035883447;-42,89898903568972
DP-022/2023;Obra 4;-20,287173805190196;-43,03995259591595
DP-022/2023;Obra 1;-19,90497745109627;-43,678391585101295
DP-022/2023;Obra 1;-19,95353402859944;-43,70010930982907
DP-022/2023;Obra 1;-19,9680834576073;-43,796575552751904
DP-023/2023;Obra 2;-16,660712569014574;-45,0851394751252
DP-023/2023;Obra 2;-17,41292597024912;-45,098766170471286
DP-023/2023;Obra 1;-16,687856556742638;-44,364709050489694
DP-023/2023;Obra 1;-16,858737345977865;-44,90251048721981
DM-22.006/2019-D;Obra 1;-18,9226438;-48,2957901
DM-018/2023;Obra 1;;
DM-017/2023;Obra 1;;
DM-022/2023;Obra 1;;
DM-020/2023;Obra 1;;
DC-017/2023;Obra 1;-21,23455754267612;-43,318581525103305
DC-017/2023;Obra 1;-21,2737893;-43,1789037
DC-017/2023;Obra 2;-21,28064535881705;-43,17629225160108
DM-021/2023;Obra 1;-16,0002056;-41,2795636
DM-027/2023;Obra 1;-15,9369612;-43,3657507
DM-026/2023;Obra 1;;
DM-029/2023;Obra 1;;
DM-025/2023;Obra 1;;
PRC-22.013/2018-B;Obra 1;-21,5799309;-45,4427049
PRC-22.040/2017-C;Obra 1;-18,95121;-41,9528346
DM-034/2021;Obra 1;;
PRC-22.030/2017-D;Obra 1;-16,217251;-44,433348
DM-22.012/2020-B;Obra 1;-20,735033;-46,6045231
DM-22.005/2020-C;Obra 1;-18,9695443;-49,475721
DP-027/2023;Obra 1;-19,8316937;-42,4019565
DP-027/2023;Obra 1;-19,8279989;-42,31638289999999
DP-027/2023;Obra 5;-19,8413453;-42,7765266
DP-027/2023;Obra 5;-19,835026441139757;-42,64796036185143
DP-027/2023;Obra 3;-20,1013284;-42,452666
DP-027/2023;Obra 3;-20,17268;-42,2707395
DP-027/2023;Obra 2;-19,8656691;-42,9678548
DP-027/2023;Obra 2;-20,1622442;-42,9669648
DP-027/2023;Obra 4;-20,0366129;-42,2664708
DP-008/2023;Obra 1;;
DP-015/2023;Obra 1;-17,8517815;-41,5076261
DM-023/2023;Obra 1;;
DC-019/2023;Obra 2;;
DC-019/2023;Obra 1;;
DC-019/2023;Obra 3;;
DM-028/2023;Obra 1;;
DC-018/2023;Obra 2;-21,4633056;-45,5151111
DC-018/2023;Obra 2;-21,3913889;-45,4885278
DC-018/2023;Obra 1;;
DM-032/2023;Obra 1;;
DM-005/2024;Obra 1;;
DM-22.008/2020;Obra 1;-17,2163174;-46,8691582
PRC-22.015/2017-C;Obra 1;-19,5068923;-42,6044222
DC-009/2021;Obra 1;;
DC-010/2021;Obra 1;;
DM-018/2021;Obra 1;-19,84653391422691;-44,28003254074738
PRC-22.026/2017-D;Obra 1;-20,6829764;-44,8232506
DM-006/2022;Obra 1;;
DC-004/2022;Obra 2;-21,5671449;-45,4345232
DC-004/2022;Obra 1;-21,3717539;-45,507475
DM-014/2023;Obra 1;-18,452414;-42,2524159
DM-014/2023;Obra 1;-18,474722;-42,304744
DM-015/2023;Obra 1;-18,986093;-41,226672
DM-015/2023;Obra 1;-19,13227355010792;-41,3302851502302
PRC-22.018/2017-C;Obra 1;-17,701729;-42,515515
DM-001/2021;Obra 1;;
PRC-22.019/2017-D;Obra 1;-17,335013;-44,943418
DM-023/2021;Obra 1;;
DC-016/2021;Obra 1;-21,2360164;-43,3061279
PRC-22.028/2017-D;Obra 1;-15,9105038;-46,1059978
DM-007/2022;Obra 1;;
ASG-003/2021;Obra 1;-19,9223139;-43,9306754
DM-22.007/2020-A;Obra 1;-16,1638869;-42,2827817
DM-004/2021;Obra 1;;
DC-013/2021;Obra 1;-16,7496983;-43,8278182
DM-020/2022;Obra 1;;
PRC-22.017/2018-D;Obra 1;-21,7876304;-46,5421144
DM-036/2022;Obra 1;-19,9221839;-43,93074110000001
PRC-22.017/2018-B;Obra 1;-21,7876304;-46,5421144
DC-002/2021;Obra 1;-17,435738;-41,004575
DC-002/2021;Obra 1;-17,0834392;-40,933945
DC-002/2021;Obra 2;-17,4287426;-40,99907870000001
DC-002/2021;Obra 2;-17,0834392;-40,933945
DM-015/2022;Obra 1;;
DM-018/2022;Obra 1;;
DM-22.008/2020-C;Obra 1;-17,2163174;-46,8691582
PRC-22.042/2017-E;Obra 1;-19,596021;-46,929564
PRC-22.015/2017-E;Obra 1;-19,5068923;-42,6044222
PRC-29.008/2017-B;Obra 1;-16,7203311;-43,8541147
PRC-22.038/2017-D;Obra 1;-18,7593183;-44,4319352
PRC-22.041/2017-E;Obra 1;-19,8618029;-44,5829004
DC-010/2022;Obra 1;-18,9642891;-48,374882
DC-010/2022;Obra 1;-18,97125908971916;-48,21520073883698
DM-009/2022-A;Obra 1;-20,350449;-41,9526169
PRC-22.043/2017-C;Obra 1;-17,7408508;-46,1845402
DOV-003/2021;Obra 1;;
DM-024/2022;Obra 1;-19,74492717943353;-43,950801893546
PRC-24.010/2013;Obra 5;;
PRC-24.010/2013;Obra 8;;
PRC-24.010/2013;Obra 9;;
PRC-24.010/2013;Obra 2;;
PRC-24.010/2013;Obra 7;;
PRC-24.010/2013;Obra 3;;
PRC-24.010/2013;Obra 4;;
PRC-24.010/2013;Obra 6;;
PRC-24.010/2013;Obra 1;;
PRC-29.010/2010-D;Obra 1;;
PRC-22.018/2011-C;Obra 1;;
PRC-22.038/2017-B;Obra 1;-18,7593183;-44,4319352
PRC-24.014/2018;Obra 1;;
PRC-22.022/2017-D;Obra 1;-16,00026;-41,279238
DM-025/2021;Obra 1;;
DM-028/2021;Obra 1;-19,73953750613517;-43,95547419588217
PRC-22.029/2017-D;Obra 1;-18,5967086;-46,5181047
PRC-22.037/2017-D;Obra 1;-16,7203311;-43,8541147
DM-009/2022;Obra 1;-20,350449;-41,9526169
DM-006/2024;Obra 1;;
PRC-24.001/2019-ANO 6;Obra 1;;
DM-9440650/2024;Obra 1;-21,1079839;-42,949159
DM-9440662/2024;Obra 1;;
DM-9440654/2024;Obra 1;;
DM-017/2024;Obra 1;-16,4381188;-41,0095225
DM-015/2024;Obra 1;;
DOV-005/2022-A;Obra 1;;
DM-9440657/2024;Obra 1;-18,9226438;-48,2957901
DM-9485591/2025;Obra 1;;
DPEI-9470883;Obra 1;;
DPEI-9480550/2025;Obra 1;;
DM-9485592/2025;Obra 1;;
DOV-001/2021-A;Obra 1;-19,928208;-43,983328
DC-004/2024;Obra 1;-21,2360164;-43,3061279
DM-22.011/2020-D;Obra 1;-20,4539389;-45,4445009
DM-22.007/2020-D;Obra 1;-16,1638869;-42,2827817
DM-22.004/2020-D;Obra 1;-18,7320337;-47,5006564
DM-22.008/2020-D;Obra 1;-17,2163174;-46,8691582
DM-012/2024;Obra 1;;
DM-009/2024;Obra 1;;
DC-011/2024;Obra 1;-18,9494754;-46,9593239
DM-9454417/2025;Obra 1;;
DC-9481581/2025;Obra 1;;
DM-028/2023-B;Obra 1;;
DM-013/2024;Obra 1;;
AMA-9441725/2024;Obra 1;;
DM-9447057/2024;Obra 1;;
AMA-9458828/2025;Obra 1;;
DC-9459023/2025;Obra 1;-20,74987666533357;-45,82752196901517
DC-9459023/2025;Obra 1;-20,69983182867906;-45,82188306798116
DC-9459021/2025;Obra 1;-15,930497;-41,862405
DC-9459021/2025;Obra 1;-15,85678206555433;-42,00359753769477
DC-9459022/2025;Obra 1;-20,48000279999999;-45,7999736
DC-9459022/2025;Obra 1;-20,759954;-45,918453
DC-9458476/2025;Obra 1;;
DC-9458861/2025;Obra 1;-18,9744387723943;-48,29900555165108
AEST-9470136/2025;Obra 1;;
AEST-9468567/2025;Obra 1;;
DC-9445668/2024;Obra 1;-19,78405861257036;-43,95189245317396
9473911/2024;Obra 1;;
AMA-9461425/2025;Obra 1;;
AMA-9461425/2025;Obra 2;;
DM-9440653/2024;Obra 1;-18,2398134;-43,6049294
DM-9440655/2024;Obra 1;-21,5799309;-45,4427049
DM-9440649/2024;Obra 1;-19,928208;-43,983328
DM-9440647/2024;Obra 1;-19,928208;-43,983328
DM-9440658/2024;Obra 1;-21,7876304;-46,5421144
DM-9440661/2024;Obra 1;-22,4315443;-45,4632342
9439923;Obra 1;-19,5952902;-46,9326049
DC-9447109/2024;Obra 1;-14,757046772025069;-43,93015192008537
DC-9447109/2024;Obra 1;-19,783357402903007;-43,95194437091951
DC-9445587/2024;Obra 1;-20,63168865721149;-47,10193369380541
DC-9445587/2024;Obra 1;-20,6041089;-46,9106488
DC-9472752/2025;Obra 1;-20,05185754871156;-44,18814551429173
DC-9472752/2025;Obra 1;-20,13034730538173;-44,19984053737846
DC-9472752/2025;Obra 2;-20,042186156631548;-44,198824969508905
DC-9472752/2025;Obra 2;-20,009247062372893;-44,20497756970519
DM-008/2024;Obra 1;;
DC-006/2024;Obra 1;-17,0321536895841;-46,01467601931196
DM-007/2024;Obra 1;;
DM-9437231;Obra 1;;
9442805;Obra 1;;
DPEI-9447985;Obra 1;-19,9149659;-43,9000041
DM-9452477/2025;Obra 1;;
DER-30.014/2025;Obra 1;;
DM-002/2024-B;Obra 1;-19,638615;-43,228648
DC-9492715/2025;Obra 1;-15,97197985837174;-44,90024660668323
DOV-002/2021-A;Obra 1;;
DM-026/2023-A;Obra 1;;
DM-025/2023-A;Obra 1;;
DOV-002/2022-B;Obra 1;;
DM-030/2023-B;Obra 1;-19,5068923;-42,6044222
DC-9492065/2025;Obra 1;-20,4799694;-45,79996939999999
DC-9492065/2025;Obra 1;-20,759954;-45,918453
DM-025/2023-B;Obra 1;-16,8555088;-42,0630933
DOV-003/2022-B;Obra 1;-18,5967086;-46,5181047
DM-029/2023-B;Obra 1;-17,701729;-42,515515
DM-026/2023-B;Obra 1;-16,00026;-41,279238
DOV-001/2022-A;Obra 2;;
DOV-001/2022-A;Obra 1;;
DC-005/2024;Obra 1;-19,58691270347314;-47,0726885458534
DC-005/2024;Obra 1;-19,52800559876136;-47,07955421284039
DOV-002/2022-A;Obra 1;;
AMA-9445113/2024;Obra 1;;
DM-001/2024-A;Obra 1;;
PRC-29.008/2017-D;Obra 1;-16,7203311;-43,8541147
DM-9445781/2024;Obra 1;;
DM-9445821/2024;Obra 1;;
DM-9447456/2024;Obra 1;;
DOV-004/2022-B;Obra 1;;
DM-028/2023-A;Obra 1;;
DPEI-9446143;Obra 1;;
DM-9474704/2025;Obra 1;;
DM-002/2024-A;Obra 1;;
DC-9479677/2025;Obra 1;;
DM-9493202/2026;Obra 1;;
DM-9493137/2026;Obra 1;;
9447045/2024-A;Obra 1;-19,9275586;-43,983052
DM-001/2024-B;Obra 1;;
DC-011R/2024;Obra 1;-18,9494754;-46,9593239
9447043/2024-A;Obra 1;-19,9275586;-43,983052
DP-029/2023;Obra 3;;
DP-029/2023;Obra 5;;
DP-029/2023;Obra 4;;
DP-029/2023;Obra 2;;
DP-029/2023;Obra 6;;
DP-029/2023;Obra 1;;
DC-003/2024;Obra 1;-16,1257215;-45,7410578
DC-003/2024;Obra 1;-16,056339;-45,14616599999999
DC-002/2024;Obra 1;-16,1257215;-45,7410578
DC-002/2024;Obra 1;-16,056339;-45,14616599999999
DPEI-002/2024;Obra 1;-16,7204079;-43,8540743
DPEI-006/2024;Obra 1;-21,5799309;-45,4427049
DPEI-007/2024;Obra 1;;
DPEI-030/2023;Obra 1;-21,8657357;-43,01008239999999
DPEI-030/2023;Obra 1;-21,990801252388717;-42,90995722615383
DPEI-030/2023;Obra 2;-21,36383967660115;-42,67405889386136
DPEI-030/2023;Obra 2;-21,36590506590777;-42,474979263671926
DPEI-030/2023;Obra 3;-21,416023487875883;-42,81541202519264
DPEI-030/2023;Obra 3;-21,457172674928085;-42,966439771920605
DPEI-030/2023;Obra 4;-21,196157236212304;-42,62543945670461
DPEI-030/2023;Obra 4;-21,15198234963805;-42,79328856036735
DPEI-005/2024;Obra 1;-19,776208;-43,948441
DPEI-004/2024;Obra 1;-20,7561451;-42,8800278
DM-011/2024;Obra 1;-17,335013;-44,943418
DPEI-003/2024;Obra 1;-17,8517815;-41,5076261
DM-022/2024;Obra 1;;
DM-020/2024;Obra 1;;
DC-008/2024;Obra 1;-18,5985001;-45,35339499999999
DC-008/2024;Obra 1;-18,43838275042916;-45,07210155240797
DM-9445782/2024;Obra 1;-22,4212558;-45,47013339999999
DM-9445784/2024;Obra 1;-22,431496;-45,4633029
DF/GTIC-9444079;Obra 1;;
DC-9444080/2024;Obra 2;-15,97197985837177;-44,90024660668347
DC-9444080/2024;Obra 1;-15,9662564146642;-44,90120778993473
DM-019/2024;Obra 1;-19,8162654081741;-43,9479415297562
DOV-004/2022-A;Obra 1;;
DC-9439921/2024;Obra 1;-22,60722055771159;-46,04116272282801
DC-9439921/2024;Obra 1;-22,58244462625664;-46,01200384097238
DM-029/2023-A;Obra 1;;
DM-030/2023-A;Obra 1;-19,5068923;-42,6044222
DC-9445592/2024;Obra 1;-19,716466;-50,19527650000001
AEST-009440673/2024;Obra 1;;
DM-22.010/2019-E;Obra 1;-19,928208;-43,983328
DC-9448965/2025;Obra 1;-19,41249960000027;-44,20754999999095
DC-9448965/2025;Obra 1;-19,4067426;-44,2266016
DC-9448965/2025;Obra 1;-19,4073712;-44,20911359999999
DOV-001/2022-B;Obra 2;-19,9275586;-43,983052
DOV-001/2022-B;Obra 1;-19,9275586;-43,983052
DM-9492723/2025;Obra 1;;
DM-9473163/2025;Obra 1;;
DM-9471830/2025;Obra 1;;
DM-9459013/2025;Obra 1;;
AEST-9468704/2025;Obra 1;;
DC-9478759/2025;Obra 1;;
DC-9447761/2025;Obra 1;-21,78317377768046;-45,83339382368384
DC-9447760/2025;Obra 1;-21,7907786;-45,7160543
DM-9471881/2025;Obra 1;;
DM-9471879/2025;Obra 1;;
DC-9472756/2025;Obra 1;;
DC-9473949/2025;Obra 1;-20,32294571170053;-42,67292083028444
 AEST-9469794/2025;Obra 1;;
DC-009473175/2025;Obra 1;-14,77197791029356;-43,93723839761794
DC-009473175/2025;Obra 2;;
AMA-9447965/2025;Obra 1;;
DPEI-9470151;Obra 1;;
DC-9439838/2024;Obra 1;-19,878035358432;-46,01755299600972
DC-9453556/2025;Obra 1;-19,78342141078643;-43,95193588797584
DPEI-9447050;Obra 1;;
DC-9468321/2025;Obra 1;-21,822481;-43,319474
DC-9470224/2025;Obra 1;-19,8898481;-49,3728646
DC-9470224/2025;Obra 1;-19,70009506319273;-49,31984772214537
DM-9471832/2025;Obra 1;;
DC-9471605/2025;Obra 1;;
AEST-9441233/2024;Obra 1;;
AEST-9468573/2025;Obra 1;;
DC-9492718/2025;Obra 1;-16,060571;-45,14998800000001
DC-9492718/2025;Obra 1;-16,12398555419337;-45,72443570435887
DC-9491012/2025;Obra 1;-18,58543851687659;-42,49387848441415
DC-9491012/2025;Obra 1;-18,45181382097735;-42,61418109121731
DC-9491013/2025;Obra 1;-19,422927421098;-44,54875745320115
DC-9492083/2025;Obra 1;-18,3540804218777;-48,23074551265237
DC-9492083/2025;Obra 1;-18,5342387;-48,1962378
DM-9493180/2026;Obra 1;;
DC-022/2023;Obra 1;-17,21201507063193;-46,68787211434018
DC-022/2023;Obra 1;-17,10715545158019;-46,62095644997671
DC-022/2023;Obra 2;-17,10715545158019;-46,62095644997671
DC-022/2023;Obra 2;-17,03493425248441;-46,5886262006665
DOV-003/2022-A;Obra 1;;
PRC-29.008/2017-ANO 4;Obra 1;-16,7203311;-43,8541147
DC-9441306/2024;Obra 1;-15,600402;-42,543776
DC-9441355/2024 ;Obra 1;-17,82651719999999;-41,506751
DC-9445950/2024;Obra 1;-19,779781;-44,23890900000001
DC-9445950/2024;Obra 1;-19,83023;-44,18012
DC-9445591/2024;Obra 1;-17,96127463110632;-46,42781545395799
DC-9445591/2024;Obra 1;-18,65274465135498;-46,59916240618842
DM-9471880/2025;Obra 1;;
DM-9471834/2025;Obra 1;;
DM-9473312/2025;Obra 1;;
DC-9473951/2025;Obra 1;-18,694272;-43,434571
DC-9473951/2025;Obra 1;-19,0126003;-43,4419084
DOV-005/2022-B;Obra 1;-18,95121;-41,9528346
DC-9493122/2026;Obra 1;-14,7566423;-43,9321579
DM-9471835/2025;Obra 1;;
DPEI-9478941/2025;Obra 1;;
DOV-004/2021-A;Obra 1;-19,8618029;-44,5829004
DOV-003/2021-A;Obra 1;;
DM-22.009/2020-D;Obra 1;-20,405398;-42,886629
DM-22.012/2020-D;Obra 1;-20,735033;-46,6045231
DM-009/2022-B;Obra 1;-20,350449;-41,9526169
DP-012/2023;Obra 1;;
DOV-004/2021-B;Obra 1;-19,8618029;-44,5829004
DM-016/2024;Obra 1;;
DC-007/2024;Obra 1;;
DM-010/2024;Obra 1;;
DPEI-001/2024;Obra 1;-18,5967086;-46,51810469999999
DC-010/2024;Obra 1;-20,39729542216063;-42,37959570001862
DM-9453530;Obra 1;;
DOV-003/2021-B;Obra 1;;
DM-018/2024;Obra 1;;
DM-014/2024;Obra 1;-19,8618029;-44,5829004
DG/AMA-009436677/2024;Obra 1;;
DOV-001/2021-B;Obra 1;-19,928208;-43,983328
DOV-002/2021-B;Obra 1;;
DC-9495596/2026;Obra 1;-19,96402458305301;-44,72983589212661
DO-9493205/2026;Obra 1;;
D0-009482032/2025;Obra 1;;
DO-9481987/2025;Obra 1;;
DO-009482055/2025;Obra 1;;
DM-005/2024-A;Obra 1;-19,7469167;-47,9483714
DM-9497685/2026;Obra 1;;
DO-009482014/2025;Obra 1;;
DO-009482046/2025;Obra 1;;
DO-009482017/2025;Obra 1;;
DC-9496643/2026;Obra 2;;
DC-9496643/2026;Obra 1;-19,78548575576804;-43,9495793253305
DC-9498666/2026;Obra 1;;
DM-008/2024-A;Obra 1;;
DM-011/2024-A;Obra 1;-17,335013;-44,943418
DM-009/2024-A;Obra 1;;
DM-010/2024-A;Obra 1;;
DC-9497471/2026;Obra 1;-19,747173;-50,219328
DO-001/2021- C;Obra 2;-19,928208;-43,983328
DC-9501601/2026;Obra 2;-16,11741660736296;-45,71048533230583
DC-9501601/2026;Obra 1;-16,11921421383736;-45,58712745575681
DC-9501601/2026;Obra 3;-16,12119845072;-45,6488268407393
DC-9493529/2026;Obra 1;;
DM-012/2024-A;Obra 1;;
DM-9502116/2026;Obra 1;;
DM-018/2024-A;Obra 1;;
DM-016/2024-A;Obra 1;;
